UserID,F_Name,L_Name,Street,Suburb,Postcode,State,Phone,Gender,DOB
1,Rachael,Padilla,Daniel Camp Street,side Sydney,2053,NSW,0293705817,M,2004-01-12
2,Tina,Miller,Myers Extension Street,fort Sydney,2049,NSW,0260821757,M,1999-04-05
3,Victoria,Dickson,Henry Junction Street,mouth Sydney,2153,NSW,0218106489,F,1986-03-13
4,Jennifer,Hall,Mcfarland Hills Street,ville Sydney,2057,NSW,0267731333,F,1967-09-30
5,Michael,Patton,Jennifer Hill Street,mouth Sydney,2198,NSW,023802246,M,2003-10-04
6,Ryan,Gordon,Abbott Harbor Street,view Sydney,2078,NSW,0282056190,F,1973-10-12
7,Charles,James,Valencia Throughway Street,haven Sydney,2220,NSW,0289085600,F,1985-07-07
8,Mallory,Powell,Elizabeth Locks Street,port Sydney,2003,NSW,0216454166,M,1994-09-11
9,Phillip,Mckinney,Amy Avenue Street,port Sydney,2185,NSW,0262288217,M,1963-10-30
10,Jared,Lewis,Richardson Neck Street,mouth Sydney,2021,NSW,0251896236,F,1972-05-08
11,Christopher,Howell,Caleb Garden Street,burgh Sydney,2104,NSW,0236087593,F,2000-03-25
12,Anthony,Vargas,Kayla Unions Street,berg Sydney,2232,NSW,0247959446,F,1974-11-09
13,Andrea,Fisher,Johnson Prairie Street,land Sydney,2131,NSW,0261244601,M,1986-05-20
14,Joseph,Burgess,Ramos Pine Street,stad Sydney,2216,NSW,027566285,F,1986-01-15
15,Joshua,Howell,Beasley Forge Street,bury Sydney,2023,NSW,0227299847,M,1984-01-07
16,Craig,Obrien,Hughes Station Street,mouth Sydney,2043,NSW,0291133758,F,1999-09-08
17,Janet,Vasquez,Brenda Coves Street,burgh Sydney,2201,NSW,0253810748,F,1963-05-22
18,Zachary,Long,Spencer Gateway Street,mouth Sydney,2000,NSW,0265888943,M,2006-02-15
19,Teresa,Mitchell,Lopez Hill Street,fort Sydney,2113,NSW,0237023927,M,1970-10-04
20,Sarah,Ferguson,Michael Tunnel Street,borough Sydney,2154,NSW,0276015829,F,1971-02-08
21,Kelly,Oneill,Joshua Court Street,borough Sydney,2136,NSW,028425677,F,2006-02-03
22,Steven,Vincent,Nicole Point Street,borough Sydney,2028,NSW,0267708570,M,1980-02-08
23,Heather,Orozco,Jason Grove Street,furt Sydney,2000,NSW,0272612827,F,1984-03-22
24,Matthew,Williams,Fox Row Street,ton Sydney,2099,NSW,0234515847,M,1978-09-27
25,Cassandra,Holland,Tanner Islands Street,mouth Sydney,2228,NSW,0224254684,F,2000-07-29
26,Michael,Snow,Tyler Ridge Street,haven Sydney,2051,NSW,0295998529,F,1986-01-06
27,Thomas,Stanton,Jerry Harbor Street,bury Sydney,2122,NSW,0212985919,F,1958-11-16
28,Robert,Ayers,Kimberly Garden Street,berg Sydney,2040,NSW,0265867089,M,1988-03-21
29,Tyler,Black,Nelson Ridges Street,town Sydney,2140,NSW,0214950934,M,1970-06-10
30,Julie,Allen,Rangel Run Street,fort Sydney,2142,NSW,0217589065,F,1967-12-13
31,Curtis,Stewart,Gabriella Ways Street,side Sydney,2220,NSW,0244591553,M,2000-05-17
32,Stephen,Valencia,Zavala Harbor Street,side Sydney,2089,NSW,0263960209,M,1961-04-10
33,Tonya,Murphy,Riley Village Street,fort Sydney,2134,NSW,0249886363,M,1967-08-04
34,Jennifer,Mora,Reed Viaduct Street,port Sydney,2133,NSW,0230887306,F,1991-12-07
35,Melinda,Baker,Terri Ramp Street,stad Sydney,2180,NSW,027370314,F,2003-11-10
36,Donald,Abbott,Sims Light Street,fort Sydney,2169,NSW,0263304713,M,1964-03-29
37,Austin,Davis,Sims Square Street,mouth Sydney,2109,NSW,0215594178,F,1998-09-06
38,Christine,Lopez,Christopher Plaza Street,stad Sydney,2025,NSW,0284495692,M,1960-10-24
39,Travis,Johnson,Acevedo Locks Street,ville Sydney,2152,NSW,0293212443,M,1972-08-11
40,Tina,Obrien,Wallace Mountains Street,side Sydney,2061,NSW,0296458623,M,1976-07-16
41,Barbara,Marquez,Angela Mountains Street,bury Sydney,2032,NSW,0283813245,M,1994-03-09
42,Laura,Wright,Jennifer Summit Street,chester Sydney,2230,NSW,0256158996,M,1963-05-23
43,Mia,Reed,Villegas Station Street,town Sydney,2076,NSW,0260520306,F,1985-06-26
44,Laura,Carter,Fuller Gardens Street,bury Sydney,2056,NSW,0291538888,M,1975-02-09
45,Jacob,Jensen,Allison Drive Street,burgh Sydney,2032,NSW,0281042133,F,1971-06-14
46,Andrew,Pratt,Williams Island Street,mouth Sydney,2120,NSW,0272653685,M,1989-07-19
47,Megan,Nicholson,Prince Place Street,shire Sydney,2172,NSW,0278138081,M,1977-07-17
48,Gabriel,Johnson,Christopher Mission Street,shire Sydney,2015,NSW,0243162704,F,1986-06-10
49,Alexandra,Edwards,Paul Views Street,chester Sydney,2213,NSW,0225632185,M,1991-01-24
50,John,Hughes,Savannah Turnpike Street,fort Sydney,2160,NSW,0261160434,F,1968-04-15
51,Jason,Arellano,Kim Mission Street,town Sydney,2110,NSW,026510606,F,1965-03-13
52,Jessica,Cole,Paul Plaza Street,fort Sydney,2055,NSW,0242799885,F,1976-10-17
53,Rebecca,Gutierrez,Contreras Viaduct Street,borough Sydney,2072,NSW,0277474471,F,1976-12-10
54,Jamie,Crawford,Gregory Loop Street,ville Sydney,2170,NSW,0262434040,F,2003-10-06
55,Luis,Oneill,Seth Walks Street,ville Sydney,2191,NSW,0241539687,F,1972-04-17
56,Sherri,Norris,Barton Loop Street,furt Sydney,2164,NSW,0243257327,F,1962-08-10
57,David,Peterson,Trevor Turnpike Street,mouth Sydney,2092,NSW,0249890890,M,1966-08-30
58,Kelly,Hernandez,Carr Junctions Street,burgh Sydney,2105,NSW,0286664660,M,1975-07-27
59,Nicole,Hale,Delacruz Points Street,burgh Sydney,2071,NSW,028887312,M,2004-01-02
60,Renee,Gonzalez,Benjamin Plain Street,bury Sydney,2111,NSW,0250679591,M,1971-04-17
61,Denise,Hughes,Jonathan Junctions Street,side Sydney,2038,NSW,0254112184,F,1992-04-15
62,Jaime,Welch,Cynthia Circles Street,port Sydney,2139,NSW,0228039984,M,1984-02-07
63,Alyssa,Rowe,Mitchell Stream Street,side Sydney,2183,NSW,0294000097,F,1996-11-21
64,Christopher,Clements,Elizabeth Coves Street,fort Sydney,2219,NSW,0288957927,M,1980-01-05
65,Kimberly,Pearson,William Lock Street,fort Sydney,2044,NSW,0240216522,M,1971-11-28
66,Michelle,Houston,Contreras Tunnel Street,fort Sydney,2172,NSW,0280245671,F,1995-05-19
67,Thomas,Stewart,Kevin Isle Street,town Sydney,2107,NSW,025995037,F,1966-06-11
68,Adam,Howard,Chelsea Highway Street,mouth Sydney,2084,NSW,0299850029,F,2003-12-06
69,Franklin,Schmitt,Nelson Key Street,haven Sydney,2219,NSW,0292560950,F,1966-07-20
70,Kevin,Hanson,Potter Gardens Street,port Sydney,2213,NSW,0279400577,F,1964-03-03
71,Hannah,Fisher,Anna Harbor Street,view Sydney,2209,NSW,0290788739,F,1962-10-02
72,Brenda,Mitchell,Allen Estate Street,shire Sydney,2020,NSW,0271188979,F,1987-03-07
73,Lucas,Neal,Joseph Crossroad Street,chester Sydney,2041,NSW,0215719555,M,2000-11-27
74,Phillip,Walker,Jenkins Parkways Street,bury Sydney,2091,NSW,0244169415,M,1999-04-01
75,Jeffrey,Odom,Samantha Land Street,view Sydney,2135,NSW,0216547807,F,1984-02-17
76,Debra,Rivera,Patrick Ranch Street,land Sydney,2102,NSW,0235460788,F,1976-10-26
77,Dawn,Diaz,Dean Ports Street,furt Sydney,2048,NSW,0276189693,F,1965-06-23
78,Sarah,Boyd,Shields Port Street,ton Sydney,2193,NSW,0282457000,F,1972-12-03
79,Alexandra,Avery,Ashley Island Street,haven Sydney,2041,NSW,0295371759,F,1964-03-29
80,Michael,Taylor,Craig Villages Street,ton Sydney,2110,NSW,0264049989,F,2006-03-28
81,Amanda,Jackson,Michael Flat Street,town Sydney,2043,NSW,024367025,M,2004-04-23
82,Kenneth,Bush,Becker Springs Street,shire Sydney,2044,NSW,028492324,F,1975-12-24
83,Bradley,Reed,Randy Walk Street,side Sydney,2080,NSW,026900097,M,1967-01-23
84,Katherine,King,Smith Drive Street,bury Sydney,2021,NSW,025294242,M,1993-04-29
85,Veronica,Frank,Darren Cliff Street,chester Sydney,2144,NSW,0264322508,M,1964-01-17
86,Daniel,Brown,David Lake Street,mouth Sydney,2092,NSW,0263684136,F,1978-05-01
87,Kevin,Allen,Kenneth Drive Street,chester Sydney,2149,NSW,0293329082,F,1997-09-26
88,Austin,Conrad,Alexander Parks Street,furt Sydney,2137,NSW,0256063165,F,1960-10-09
89,Kristina,Gibson,Annette Point Street,burgh Sydney,2076,NSW,0240007139,M,2004-06-26
90,Vanessa,Hudson,Booth Court Street,burgh Sydney,2020,NSW,027123097,F,1999-06-23
91,Russell,Smith,Burke Rapid Street,shire Sydney,2203,NSW,0245726341,F,1970-04-14
92,Victoria,Howell,Maxwell Crossing Street,view Sydney,2122,NSW,0257612543,M,1986-04-22
93,Deanna,Johnson,Estrada Stream Street,ton Sydney,2181,NSW,0251101691,M,1983-07-15
94,Juan,Smith,Nicholas Skyway Street,fort Sydney,2011,NSW,0287414083,M,1975-09-07
95,Michael,Miller,Laurie Lakes Street,port Sydney,2148,NSW,0222918494,F,1997-08-16
96,Madison,Peters,Andersen Court Street,furt Sydney,2020,NSW,0280343417,F,1976-04-28
97,Todd,Mclean,Nathaniel Place Street,port Sydney,2097,NSW,0277677775,F,1999-06-29
98,Stephen,Adams,Juan Alley Street,stad Sydney,2107,NSW,02839950,M,1973-07-21
99,Ebony,Edwards,Mendez Villages Street,berg Sydney,2000,NSW,0226224603,M,1969-10-13
100,David,Snyder,Rodriguez Centers Street,berg Sydney,2090,NSW,0236080375,M,1970-09-06
